Sample,Timestamp,Temperature (°C),Humidity (%)
1,2026-07-07 12:37:53,26.9,59.0
2,2026-07-07 12:37:58,26.9,59.0
3,2026-07-07 12:38:03,26.9,59.0
4,2026-07-07 12:38:08,26.8,59.0
5,2026-07-07 12:38:13,26.8,59.0
6,2026-07-07 12:38:19,26.8,59.0
7,2026-07-07 12:38:24,26.8,60.0
8,2026-07-07 12:38:29,26.8,59.0
9,2026-07-07 12:38:32,26.8,60.0
10,2026-07-07 12:38:37,26.8,60.0
11,2026-07-07 12:38:42,26.7,60.0
12,2026-07-07 12:38:47,26.8,60.0
13,2026-07-07 12:38:52,26.7,60.0
14,2026-07-07 12:38:57,26.7,60.0
15,2026-07-07 12:39:02,26.6,60.0
16,2026-07-07 12:39:07,26.6,60.0
17,2026-07-07 12:39:14,26.6,60.0
18,2026-07-07 12:39:19,26.6,60.0
19,2026-07-07 12:39:24,26.6,60.0
20,2026-07-07 13:09:28,26.8,59.0
21,2026-07-07 13:09:33,26.8,59.0
22,2026-07-07 13:09:38,26.8,59.0
23,2026-07-07 13:09:43,26.8,59.0
24,2026-07-07 13:09:48,26.8,59.0
25,2026-07-07 13:09:53,26.8,59.0
26,2026-07-07 13:09:58,26.8,59.0
27,2026-07-07 13:10:03,26.8,59.0
28,2026-07-07 13:10:08,26.8,59.0
29,2026-07-07 13:10:13,26.8,59.0
30,2026-07-07 13:16:35,26.7,59.0
31,2026-07-07 13:16:40,26.8,59.0
32,2026-07-07 13:16:45,26.8,59.0
33,2026-07-07 13:16:50,26.7,59.0
34,2026-07-07 13:16:55,26.7,59.0
35,2026-07-07 13:17:00,26.8,59.0
36,2026-07-07 13:17:05,26.7,59.0
37,2026-07-07 13:17:10,26.7,59.0
38,2026-07-07 13:17:15,26.8,59.0
39,2026-07-07 13:17:20,26.7,59.0
40,2026-07-07 13:17:25,26.7,59.0
41,2026-07-07 13:17:30,26.8,59.0
42,2026-07-07 13:17:35,26.7,59.0
43,2026-07-07 13:17:40,26.7,59.0
44,2026-07-07 13:17:45,26.7,59.0
45,2026-07-07 13:47:20,26.3,60.0
46,2026-07-07 13:47:25,26.4,60.0
47,2026-07-07 13:47:30,26.4,60.0
48,2026-07-07 13:47:35,26.4,60.0
49,2026-07-07 13:47:40,26.3,60.0
50,2026-07-07 13:47:45,26.4,60.0
51,2026-07-07 13:47:50,26.4,60.0
52,2026-07-07 13:47:55,26.4,60.0
53,2026-07-07 13:48:00,26.4,60.0
54,2026-07-07 13:48:05,26.4,60.0
55,2026-07-07 14:03:39,26.3,60.0
56,2026-07-07 14:03:44,26.3,60.0
57,2026-07-07 14:03:50,26.3,60.0
58,2026-07-07 14:03:55,26.3,60.0
59,2026-07-07 14:04:00,26.3,60.0
60,2026-07-07 14:04:05,26.3,60.0
61,2026-07-07 14:04:10,26.3,60.0
62,2026-07-07 14:04:15,26.3,60.0
63,2026-07-07 14:04:20,26.3,60.0
64,2026-07-07 14:04:25,26.3,60.0
65,2026-07-07 14:04:30,26.3,60.0
66,2026-07-07 14:04:35,26.3,60.0
67,2026-07-07 14:04:40,26.3,60.0
68,2026-07-07 14:04:45,26.3,60.0
69,2026-07-07 14:04:50,26.3,60.0
70,2026-07-07 14:04:55,26.3,60.0
71,2026-07-07 14:05:00,26.3,60.0
72,2026-07-07 14:05:05,26.3,60.0
73,2026-07-07 14:05:10,26.3,60.0
74,2026-07-07 14:05:15,26.3,60.0
75,2026-07-07 14:05:20,26.3,60.0
76,2026-07-07 14:05:25,26.3,60.0
77,2026-07-07 14:05:30,26.3,60.0
78,2026-07-07 14:05:35,26.3,60.0
79,2026-07-07 14:22:05,26.2,60.0
80,2026-07-07 14:22:10,26.2,60.0
81,2026-07-07 14:22:15,26.2,60.0
82,2026-07-07 14:22:20,26.2,60.0
83,2026-07-07 14:22:25,26.3,60.0
84,2026-07-07 14:22:30,26.2,60.0
85,2026-07-07 14:22:35,26.2,60.0
86,2026-07-07 14:22:40,26.2,60.0
87,2026-07-07 14:22:45,26.2,60.0
88,2026-07-07 14:22:50,26.2,60.0
89,2026-07-07 14:40:56,26.2,60.0
90,2026-07-07 14:41:01,26.2,60.0
91,2026-07-07 14:41:06,26.1,60.0
92,2026-07-07 14:41:11,26.2,60.0
93,2026-07-07 14:41:16,26.2,60.0
94,2026-07-07 14:41:21,26.2,60.0
95,2026-07-07 14:41:26,26.2,60.0
96,2026-07-07 14:41:31,26.2,60.0
97,2026-07-07 14:41:36,26.1,60.0
98,2026-07-07 14:41:41,26.2,60.0
99,2026-07-07 14:41:46,26.2,60.0
100,2026-07-07 14:41:51,26.2,60.0
101,2026-07-07 14:41:56,26.2,60.0
102,2026-07-07 14:42:01,26.2,60.0
103,2026-07-07 14:59:26,26.3,60.0
104,2026-07-07 14:59:31,26.3,61.0
105,2026-07-07 14:59:36,26.3,61.0
106,2026-07-07 14:59:41,26.3,61.0
107,2026-07-07 14:59:46,26.3,61.0
108,2026-07-07 14:59:51,26.3,61.0
109,2026-07-07 14:59:56,26.3,61.0
110,2026-07-07 15:00:01,26.3,61.0
111,2026-07-07 15:00:06,26.3,61.0
112,2026-07-07 15:00:11,26.3,61.0
113,2026-07-07 15:00:16,26.3,61.0
114,2026-07-07 15:00:21,26.3,61.0
115,2026-07-07 15:00:26,26.3,61.0
116,2026-07-07 15:00:31,26.3,61.0
117,2026-07-07 15:00:37,26.3,61.0
118,2026-07-07 15:00:42,26.3,61.0
119,2026-07-07 15:00:47,26.3,61.0
120,2026-07-07 15:00:52,26.3,61.0
121,2026-07-07 15:00:57,26.3,61.0
122,2026-07-07 15:01:02,26.3,61.0
123,2026-07-07 15:01:07,26.3,60.0
124,2026-07-07 15:01:12,26.3,61.0
125,2026-07-07 15:31:16,26.3,60.0
126,2026-07-07 15:31:21,26.3,60.0
127,2026-07-07 15:31:26,26.3,61.0
128,2026-07-07 15:31:31,26.3,61.0
129,2026-07-07 15:31:36,26.3,61.0
130,2026-07-07 15:31:41,26.3,60.0
131,2026-07-07 15:31:46,26.3,60.0
132,2026-07-07 15:31:51,26.3,60.0
133,2026-07-07 15:31:56,26.3,60.0
134,2026-07-07 15:32:01,26.3,60.0
135,2026-07-07 15:32:06,26.3,60.0
136,2026-07-07 15:32:11,26.3,60.0
137,2026-07-07 15:32:16,26.3,61.0
138,2026-07-07 15:32:21,26.3,60.0
139,2026-07-07 15:32:26,26.3,61.0
140,2026-07-07 15:32:31,26.3,61.0
141,2026-07-07 15:32:36,26.3,61.0
142,2026-07-07 15:32:41,26.3,61.0
143,2026-07-07 15:32:46,26.3,61.0
144,2026-07-07 15:32:51,26.3,61.0
145,2026-07-07 15:32:56,26.4,61.0
146,2026-07-07 15:33:01,26.3,61.0
147,2026-07-07 15:33:06,26.3,61.0
148,2026-07-07 15:33:11,26.4,61.0
149,2026-07-07 15:33:16,26.3,61.0
150,2026-07-07 15:33:21,26.3,61.0
151,2026-07-07 15:33:26,26.4,61.0
152,2026-07-07 15:33:31,26.4,60.0
153,2026-07-07 15:33:36,26.3,60.0
154,2026-07-07 15:33:41,26.4,60.0
155,2026-07-07 15:33:46,26.4,60.0
156,2026-07-07 15:33:51,26.4,60.0
157,2026-07-07 15:33:56,26.4,60.0
158,2026-07-07 15:34:02,26.4,60.0
159,2026-07-07 15:34:07,26.4,60.0
160,2026-07-07 15:34:12,26.3,60.0
161,2026-07-07 15:34:17,26.4,60.0
162,2026-07-07 15:34:22,26.3,60.0
163,2026-07-07 15:34:27,26.3,60.0
164,2026-07-07 15:34:32,26.3,60.0
165,2026-07-07 15:34:37,26.3,60.0
166,2026-07-07 15:34:42,26.3,60.0
167,2026-07-07 15:34:47,26.4,60.0
168,2026-07-07 15:34:52,26.4,60.0
169,2026-07-07 15:34:57,26.3,60.0
170,2026-07-07 15:35:02,26.3,60.0
171,2026-07-07 15:35:07,26.4,60.0
172,2026-07-07 15:35:12,26.3,60.0
173,2026-07-07 15:35:17,26.4,60.0
174,2026-07-07 15:35:22,26.3,60.0
175,2026-07-07 15:35:27,26.4,60.0
176,2026-07-07 15:35:32,26.4,60.0
177,2026-07-07 15:35:37,26.4,60.0
178,2026-07-07 15:35:42,26.4,60.0
179,2026-07-07 15:35:47,26.3,60.0
180,2026-07-07 15:35:52,26.4,60.0
181,2026-07-07 15:35:57,26.4,60.0
182,2026-07-07 15:36:02,26.4,60.0
183,2026-07-07 15:36:07,26.4,60.0
184,2026-07-07 15:36:12,26.3,60.0
185,2026-07-07 15:36:17,26.4,60.0
186,2026-07-07 15:36:22,26.4,60.0
187,2026-07-07 15:36:27,26.4,60.0
188,2026-07-07 15:36:32,26.4,60.0
189,2026-07-07 15:36:37,26.4,60.0
190,2026-07-07 15:36:42,26.4,60.0
191,2026-07-07 15:36:47,26.4,60.0
192,2026-07-07 15:36:52,26.4,60.0
193,2026-07-07 15:36:57,26.4,60.0
194,2026-07-07 15:37:02,26.4,60.0
195,2026-07-07 15:37:07,26.4,60.0
196,2026-07-07 15:37:12,26.4,60.0
197,2026-07-07 15:37:17,26.4,60.0
198,2026-07-07 15:37:23,26.4,60.0
199,2026-07-07 15:37:28,26.4,60.0
200,2026-07-07 15:37:33,26.4,60.0
201,2026-07-07 15:37:38,26.4,60.0
202,2026-07-07 15:37:43,26.4,60.0
203,2026-07-07 15:37:48,26.4,60.0
204,2026-07-07 15:37:53,26.4,60.0
205,2026-07-07 15:37:58,26.4,60.0
206,2026-07-07 15:38:03,26.4,60.0
207,2026-07-07 15:38:08,26.4,60.0
208,2026-07-07 15:38:13,26.3,60.0
209,2026-07-07 15:38:18,26.4,60.0
210,2026-07-07 15:38:23,26.4,60.0
211,2026-07-07 15:38:28,26.4,60.0
212,2026-07-07 15:38:33,26.4,60.0
213,2026-07-07 15:38:38,26.4,60.0
214,2026-07-07 15:38:43,26.4,60.0
215,2026-07-07 15:38:48,26.3,60.0
216,2026-07-07 15:38:53,26.4,60.0
217,2026-07-07 15:38:58,26.4,60.0
218,2026-07-07 15:39:03,26.4,60.0
219,2026-07-07 15:39:08,26.3,60.0
220,2026-07-07 15:39:13,26.4,60.0
221,2026-07-07 15:39:18,26.4,60.0
222,2026-07-07 15:39:23,26.4,60.0
223,2026-07-07 15:39:28,26.4,60.0
224,2026-07-07 15:39:33,26.4,60.0
225,2026-07-07 15:39:38,26.4,60.0
226,2026-07-07 15:39:43,26.4,60.0
227,2026-07-07 15:39:48,26.4,60.0
228,2026-07-07 15:39:53,26.4,60.0
229,2026-07-07 15:39:58,26.4,60.0
230,2026-07-07 15:40:03,26.4,60.0
231,2026-07-07 15:40:08,26.4,60.0
232,2026-07-07 15:40:13,26.4,60.0
233,2026-07-07 15:40:18,26.3,60.0
234,2026-07-07 15:40:23,26.4,60.0
235,2026-07-07 15:40:28,26.4,60.0
236,2026-07-07 15:40:33,26.4,60.0
237,2026-07-07 15:40:38,26.3,60.0
238,2026-07-07 15:40:44,26.3,60.0
239,2026-07-07 15:40:49,26.4,60.0
240,2026-07-07 15:40:54,26.4,60.0
241,2026-07-07 15:40:59,26.4,60.0
242,2026-07-07 15:41:04,26.4,60.0
243,2026-07-07 15:41:09,26.4,60.0
244,2026-07-07 15:41:14,26.4,60.0
245,2026-07-07 15:41:19,26.4,60.0
246,2026-07-07 15:41:24,26.4,60.0
247,2026-07-07 15:41:29,26.4,60.0
248,2026-07-07 15:41:34,26.4,60.0
249,2026-07-07 15:41:39,26.3,60.0
250,2026-07-07 15:41:44,26.4,60.0
251,2026-07-07 15:41:49,26.3,60.0
252,2026-07-07 15:41:54,26.3,60.0
253,2026-07-07 15:41:59,26.4,60.0
254,2026-07-07 15:42:04,26.4,60.0
255,2026-07-07 15:42:09,26.4,60.0
256,2026-07-07 15:42:14,26.4,60.0
257,2026-07-07 15:42:19,26.3,60.0
258,2026-07-07 15:42:24,26.4,60.0
259,2026-07-07 15:42:29,26.4,60.0
260,2026-07-07 15:42:34,26.4,60.0
261,2026-07-07 15:42:39,26.4,60.0
262,2026-07-07 15:42:44,26.4,60.0
263,2026-07-07 15:42:49,26.4,60.0
264,2026-07-07 15:42:54,26.4,60.0
265,2026-07-07 15:42:59,26.4,60.0
266,2026-07-07 15:43:04,26.3,60.0
267,2026-07-07 15:43:09,26.4,60.0
268,2026-07-07 15:43:14,26.4,60.0
269,2026-07-07 15:43:19,26.4,60.0
270,2026-07-07 15:43:24,26.3,60.0
271,2026-07-07 15:43:29,26.4,60.0
272,2026-07-07 15:43:34,26.4,60.0
273,2026-07-07 15:43:39,26.4,60.0
274,2026-07-07 15:43:44,26.4,60.0
275,2026-07-07 15:43:49,26.4,60.0
276,2026-07-07 15:43:54,26.4,60.0
277,2026-07-07 15:43:59,26.4,60.0
278,2026-07-07 15:44:05,26.4,60.0
279,2026-07-07 15:44:10,26.4,60.0
280,2026-07-07 15:44:15,26.3,60.0
281,2026-07-07 15:44:20,26.4,60.0
282,2026-07-07 15:44:25,26.4,60.0
283,2026-07-07 15:44:30,26.4,60.0
284,2026-07-07 15:44:35,26.4,60.0
285,2026-07-07 15:44:40,26.4,60.0
286,2026-07-07 15:44:45,26.3,60.0
287,2026-07-07 15:44:50,26.4,60.0
288,2026-07-07 15:44:55,26.4,60.0
289,2026-07-07 15:45:00,26.4,60.0
290,2026-07-07 15:45:05,26.4,60.0
291,2026-07-07 15:45:10,26.3,60.0
292,2026-07-07 15:45:15,26.4,60.0
293,2026-07-07 15:45:20,26.4,60.0
294,2026-07-07 15:45:25,26.4,60.0
295,2026-07-07 15:45:30,26.4,60.0
296,2026-07-07 15:45:35,26.3,60.0
297,2026-07-07 15:45:40,26.3,60.0
298,2026-07-07 15:45:45,26.4,60.0
299,2026-07-07 15:45:50,26.4,60.0
300,2026-07-07 15:45:55,26.4,60.0
301,2026-07-07 15:46:00,26.4,60.0
302,2026-07-07 15:46:05,26.4,60.0
303,2026-07-07 15:46:10,26.4,60.0
304,2026-07-07 15:46:15,26.4,60.0
305,2026-07-07 15:46:20,26.4,60.0
306,2026-07-07 15:46:25,26.3,60.0
307,2026-07-07 15:46:30,26.4,60.0
308,2026-07-07 15:46:35,26.4,60.0
309,2026-07-07 15:46:40,26.3,60.0
310,2026-07-07 15:46:45,26.4,60.0
311,2026-07-07 15:46:50,26.4,60.0
312,2026-07-07 15:46:55,26.4,60.0
313,2026-07-07 15:47:00,26.3,60.0
314,2026-07-07 15:47:05,26.4,60.0
315,2026-07-07 15:47:10,26.4,60.0
316,2026-07-07 15:47:15,26.4,60.0
317,2026-07-07 15:47:20,26.4,60.0
318,2026-07-07 15:47:26,26.4,60.0
319,2026-07-07 15:47:31,26.3,60.0
320,2026-07-07 15:47:36,26.4,60.0
321,2026-07-07 15:47:41,26.4,60.0
322,2026-07-07 15:47:46,26.4,60.0
323,2026-07-07 15:47:51,26.4,60.0
324,2026-07-07 15:47:56,26.3,60.0
325,2026-07-07 15:48:01,26.3,60.0
326,2026-07-07 15:48:06,26.3,60.0
327,2026-07-07 15:48:11,26.3,60.0
328,2026-07-07 15:48:16,26.3,60.0
329,2026-07-07 15:48:21,26.3,60.0
330,2026-07-07 15:48:26,26.3,60.0
331,2026-07-07 15:48:31,26.3,60.0
332,2026-07-07 15:48:36,26.3,60.0
333,2026-07-07 15:48:41,26.4,60.0
334,2026-07-07 15:48:46,26.4,60.0
335,2026-07-07 15:48:51,26.3,60.0
336,2026-07-07 15:48:56,26.3,60.0
337,2026-07-07 15:49:01,26.4,60.0
338,2026-07-07 15:49:06,26.4,60.0
339,2026-07-07 15:49:11,26.4,60.0
340,2026-07-07 15:49:16,26.4,60.0
341,2026-07-07 15:49:21,26.4,60.0
342,2026-07-07 15:49:26,26.4,60.0
343,2026-07-07 15:49:31,26.4,60.0
344,2026-07-07 15:49:36,26.4,60.0
345,2026-07-07 15:49:41,26.3,60.0
346,2026-07-07 15:49:46,26.4,60.0
347,2026-07-07 15:49:51,26.4,60.0
348,2026-07-07 15:49:56,26.4,60.0
349,2026-07-07 15:50:01,26.4,60.0
350,2026-07-07 15:50:06,26.4,60.0
351,2026-07-07 15:50:11,26.3,60.0
352,2026-07-07 15:50:16,26.4,60.0
353,2026-07-07 15:50:21,26.4,60.0
354,2026-07-07 15:50:26,26.3,60.0
355,2026-07-07 15:50:31,26.4,60.0
356,2026-07-07 15:50:37,26.3,60.0
357,2026-07-07 15:50:42,26.4,60.0
358,2026-07-07 15:50:47,26.4,60.0
359,2026-07-07 15:50:52,26.4,60.0
360,2026-07-07 15:50:57,26.4,60.0
361,2026-07-07 15:51:02,26.4,60.0
362,2026-07-07 15:51:07,26.4,60.0
363,2026-07-07 15:51:12,26.4,60.0
364,2026-07-07 15:51:17,26.4,60.0
365,2026-07-07 15:51:22,26.4,60.0
366,2026-07-07 15:51:27,26.4,60.0
367,2026-07-07 15:51:32,26.3,60.0
368,2026-07-07 15:51:37,26.4,60.0
369,2026-07-07 15:51:42,26.4,60.0
370,2026-07-07 15:51:47,26.4,60.0
371,2026-07-07 15:51:52,26.4,60.0
372,2026-07-07 15:51:57,26.4,60.0
373,2026-07-07 15:52:02,26.4,60.0
374,2026-07-07 15:52:07,26.4,60.0
375,2026-07-07 15:52:12,26.4,60.0
376,2026-07-07 15:52:17,26.4,60.0
377,2026-07-07 15:52:22,26.4,60.0
378,2026-07-07 15:52:27,26.4,60.0
379,2026-07-07 15:52:32,26.4,60.0
380,2026-07-07 15:52:37,26.4,60.0
381,2026-07-07 15:52:42,26.3,60.0
382,2026-07-07 15:52:47,26.4,60.0
383,2026-07-07 15:52:52,26.3,60.0
384,2026-07-07 15:52:57,26.4,60.0
385,2026-07-07 15:53:02,26.3,60.0
386,2026-07-07 15:53:07,26.4,60.0
387,2026-07-07 15:53:12,26.4,60.0
388,2026-07-07 15:53:17,26.3,60.0
389,2026-07-07 15:53:22,26.4,60.0
390,2026-07-07 15:53:27,26.3,60.0
391,2026-07-07 15:53:32,26.3,60.0
392,2026-07-07 15:53:37,26.3,60.0
393,2026-07-07 15:53:42,26.4,60.0
394,2026-07-07 15:53:47,26.4,60.0
395,2026-07-07 15:53:52,26.4,60.0
396,2026-07-07 15:53:58,26.4,60.0
397,2026-07-07 15:54:03,26.4,60.0
398,2026-07-07 15:54:08,26.4,60.0
399,2026-07-07 15:54:13,26.4,60.0
400,2026-07-07 15:54:18,26.4,60.0
401,2026-07-07 15:54:23,26.3,60.0
402,2026-07-07 15:54:28,26.3,60.0
403,2026-07-07 15:54:33,26.3,60.0
404,2026-07-07 15:54:38,26.3,60.0
405,2026-07-07 15:54:43,26.3,60.0
406,2026-07-07 15:54:48,26.4,60.0
407,2026-07-07 15:54:53,26.4,60.0
408,2026-07-07 15:54:58,26.4,60.0
409,2026-07-07 15:55:03,26.4,60.0
410,2026-07-07 15:55:08,26.4,60.0
411,2026-07-07 15:55:13,26.4,60.0
412,2026-07-07 15:55:18,26.3,60.0
413,2026-07-07 15:55:23,26.4,60.0
414,2026-07-07 15:55:28,26.4,60.0
415,2026-07-07 15:55:33,26.4,60.0
416,2026-07-07 15:55:38,26.4,60.0
417,2026-07-07 15:55:43,26.3,60.0
418,2026-07-07 15:55:48,26.3,60.0
419,2026-07-07 15:55:53,26.3,60.0
420,2026-07-07 15:55:58,26.3,60.0
421,2026-07-07 15:56:03,26.4,60.0
422,2026-07-07 15:56:08,26.3,60.0
423,2026-07-07 15:56:13,26.3,60.0
424,2026-07-07 15:56:18,26.3,60.0
425,2026-07-07 15:56:23,26.3,60.0
426,2026-07-07 15:56:28,26.3,60.0
427,2026-07-07 15:56:33,26.4,60.0
428,2026-07-07 15:56:38,26.4,60.0
429,2026-07-07 15:56:43,26.4,60.0
430,2026-07-07 15:56:48,26.3,60.0
431,2026-07-07 15:56:53,26.3,60.0
432,2026-07-07 15:56:58,26.3,60.0
433,2026-07-07 15:57:03,26.3,60.0
434,2026-07-07 15:57:08,26.4,60.0
435,2026-07-07 15:57:13,26.4,60.0
436,2026-07-07 15:57:19,26.3,60.0
437,2026-07-07 15:57:24,26.3,60.0
438,2026-07-07 15:57:29,26.3,60.0
439,2026-07-07 15:57:34,26.3,60.0
440,2026-07-07 15:57:39,26.4,60.0
441,2026-07-07 15:57:44,26.3,60.0
442,2026-07-07 15:57:49,26.3,60.0
443,2026-07-07 15:57:54,26.3,60.0
444,2026-07-07 15:57:59,26.3,60.0
445,2026-07-07 15:58:04,26.3,60.0
446,2026-07-07 15:58:09,26.3,60.0
447,2026-07-07 15:58:14,26.3,60.0
448,2026-07-07 15:58:19,26.3,60.0
449,2026-07-07 15:58:24,26.3,60.0
450,2026-07-07 15:58:29,26.3,60.0
451,2026-07-07 15:58:34,26.3,60.0
452,2026-07-07 15:58:39,26.3,60.0
453,2026-07-07 15:58:44,26.3,60.0
454,2026-07-07 15:58:49,26.3,60.0
455,2026-07-07 15:58:54,26.3,60.0
456,2026-07-07 15:58:59,26.3,60.0
457,2026-07-07 15:59:04,26.3,60.0
458,2026-07-07 15:59:09,26.3,60.0
459,2026-07-07 15:59:14,26.4,60.0
460,2026-07-07 15:59:19,26.3,60.0
461,2026-07-07 15:59:24,26.4,60.0
462,2026-07-07 15:59:29,26.4,60.0
463,2026-07-07 15:59:34,26.3,60.0
464,2026-07-07 15:59:39,26.3,60.0
465,2026-07-07 15:59:44,26.4,60.0
466,2026-07-07 15:59:49,26.4,60.0
467,2026-07-07 15:59:54,26.3,60.0
468,2026-07-07 15:59:59,26.3,60.0
469,2026-07-07 16:00:04,26.3,60.0
470,2026-07-07 16:00:09,26.3,60.0
471,2026-07-07 16:00:14,26.3,60.0
472,2026-07-07 16:00:19,26.4,60.0
473,2026-07-07 16:00:24,26.3,60.0
474,2026-07-07 16:00:29,26.3,60.0
475,2026-07-07 16:00:34,26.3,60.0
476,2026-07-07 16:00:40,26.3,60.0
477,2026-07-07 16:00:45,26.3,60.0
478,2026-07-07 16:00:50,26.3,60.0
479,2026-07-07 16:00:55,26.4,60.0
480,2026-07-07 16:01:00,26.4,60.0
481,2026-07-07 16:01:05,26.3,60.0
482,2026-07-07 16:01:10,26.3,60.0
483,2026-07-07 16:01:15,26.3,60.0
484,2026-07-07 16:01:20,26.3,60.0
485,2026-07-07 16:01:25,26.3,60.0
486,2026-07-07 16:01:30,26.4,60.0
487,2026-07-07 16:01:35,26.3,60.0
488,2026-07-07 16:01:40,26.3,60.0
489,2026-07-07 16:01:45,26.3,60.0
490,2026-07-07 16:01:50,26.3,60.0
491,2026-07-07 16:01:55,26.3,60.0
492,2026-07-07 16:02:00,26.3,60.0
493,2026-07-07 16:02:05,26.3,60.0
494,2026-07-07 16:02:10,26.3,60.0
495,2026-07-07 16:02:15,26.3,60.0
496,2026-07-07 16:02:20,26.3,60.0
497,2026-07-07 16:02:25,26.3,60.0
498,2026-07-07 16:02:30,26.3,60.0
499,2026-07-07 16:02:35,26.4,60.0
500,2026-07-07 16:02:40,26.3,60.0
501,2026-07-07 16:02:45,26.3,60.0
502,2026-07-07 16:02:50,26.3,60.0
503,2026-07-07 16:02:55,26.3,60.0
504,2026-07-07 16:03:00,26.3,60.0
505,2026-07-07 16:03:05,26.4,60.0
506,2026-07-07 16:03:10,26.3,60.0
507,2026-07-07 16:03:15,26.3,60.0
508,2026-07-07 16:03:20,26.3,60.0
509,2026-07-07 16:03:25,26.4,60.0
510,2026-07-07 16:03:30,26.3,60.0
511,2026-07-07 16:03:35,26.3,60.0
512,2026-07-07 16:03:40,26.3,60.0
513,2026-07-07 16:03:45,26.3,60.0
514,2026-07-07 16:03:50,26.3,60.0
515,2026-07-07 16:03:55,26.3,60.0
516,2026-07-07 16:04:01,26.3,60.0
517,2026-07-07 16:04:06,26.3,60.0
518,2026-07-07 16:04:11,26.3,60.0
519,2026-07-07 16:04:16,26.3,60.0
520,2026-07-07 16:04:21,26.3,60.0
521,2026-07-07 16:04:26,26.4,60.0
522,2026-07-07 16:04:31,26.4,60.0
523,2026-07-07 16:04:36,26.3,60.0
524,2026-07-07 16:04:41,26.3,60.0
525,2026-07-07 16:04:46,26.3,60.0
526,2026-07-07 16:04:51,26.3,60.0
527,2026-07-07 16:04:56,26.3,60.0
528,2026-07-07 16:05:01,26.4,60.0
529,2026-07-07 16:05:06,26.3,60.0
530,2026-07-07 16:05:11,26.3,60.0
531,2026-07-07 16:05:16,26.4,60.0
532,2026-07-07 16:05:21,26.3,60.0
533,2026-07-07 16:05:26,26.3,60.0
534,2026-07-07 16:05:31,26.3,60.0
535,2026-07-07 16:05:36,26.3,60.0
536,2026-07-07 16:05:41,26.3,60.0
537,2026-07-07 16:05:46,26.3,60.0
538,2026-07-07 16:05:51,26.3,60.0
539,2026-07-07 16:05:56,26.3,60.0
540,2026-07-07 16:06:01,26.3,60.0
541,2026-07-07 16:06:06,26.3,60.0
542,2026-07-07 16:06:11,26.3,60.0
543,2026-07-07 16:06:16,26.3,60.0
544,2026-07-07 16:06:21,26.3,60.0
545,2026-07-07 16:06:26,26.3,60.0
546,2026-07-07 16:06:31,26.3,60.0
547,2026-07-07 16:06:36,26.3,60.0
548,2026-07-07 16:06:41,26.3,60.0
549,2026-07-07 16:06:46,26.3,60.0
550,2026-07-07 16:06:51,26.3,60.0
551,2026-07-07 16:06:56,26.3,60.0
552,2026-07-07 16:07:01,26.3,60.0
553,2026-07-07 16:07:06,26.3,60.0
554,2026-07-07 16:07:11,26.4,60.0
555,2026-07-07 16:07:16,26.4,60.0
556,2026-07-07 16:07:22,26.3,60.0
557,2026-07-07 16:07:27,26.4,60.0
558,2026-07-07 16:07:32,26.3,60.0
559,2026-07-07 16:07:37,26.3,60.0
560,2026-07-07 16:07:42,26.3,60.0
561,2026-07-07 16:07:47,26.3,60.0
562,2026-07-07 16:07:52,26.3,60.0
563,2026-07-07 16:07:57,26.3,60.0
564,2026-07-07 16:08:02,26.3,60.0
565,2026-07-07 16:08:07,26.3,60.0
566,2026-07-07 16:08:12,26.3,60.0
567,2026-07-07 16:08:17,26.3,60.0
568,2026-07-07 16:08:22,26.3,60.0
569,2026-07-07 16:08:27,26.3,60.0
570,2026-07-07 16:08:32,26.3,60.0
571,2026-07-07 16:08:37,26.3,60.0
572,2026-07-07 16:08:42,26.4,60.0
573,2026-07-07 16:08:47,26.3,60.0
574,2026-07-07 16:08:52,26.3,60.0
575,2026-07-07 16:08:57,26.3,60.0
576,2026-07-07 16:09:02,26.3,60.0
577,2026-07-07 16:09:07,26.4,60.0
578,2026-07-07 16:09:12,26.3,60.0
579,2026-07-07 16:09:17,26.3,60.0
580,2026-07-07 16:09:22,26.3,60.0
581,2026-07-07 16:09:27,26.3,60.0
582,2026-07-07 16:09:32,26.3,60.0
583,2026-07-07 16:09:37,26.3,60.0
584,2026-07-07 16:09:42,26.3,60.0
585,2026-07-07 16:09:47,26.3,60.0
586,2026-07-07 16:09:52,26.3,60.0
587,2026-07-07 16:09:57,26.3,60.0
588,2026-07-07 16:10:02,26.3,60.0
589,2026-07-07 16:10:07,26.4,60.0
590,2026-07-07 16:10:12,26.3,60.0
591,2026-07-07 16:10:17,26.3,60.0
592,2026-07-07 16:10:22,26.3,60.0
593,2026-07-07 16:10:27,26.3,60.0
594,2026-07-07 16:10:32,26.3,60.0
595,2026-07-07 16:10:38,26.3,60.0
596,2026-07-07 16:10:43,26.3,60.0
597,2026-07-07 16:10:48,26.4,60.0
598,2026-07-07 16:10:53,26.3,60.0
599,2026-07-07 16:10:58,26.3,60.0
600,2026-07-07 16:11:03,26.3,60.0
601,2026-07-07 16:11:08,26.4,60.0
602,2026-07-07 16:11:13,26.3,60.0
603,2026-07-07 16:11:18,26.3,60.0
604,2026-07-07 16:11:23,26.4,60.0
605,2026-07-07 16:11:28,26.4,60.0
606,2026-07-07 16:11:33,26.3,60.0
607,2026-07-07 16:11:38,26.3,60.0
608,2026-07-07 16:11:43,26.3,60.0
609,2026-07-07 16:11:48,26.4,60.0
610,2026-07-07 16:11:53,26.3,60.0
611,2026-07-07 16:11:58,26.3,60.0
612,2026-07-07 16:12:03,26.3,60.0
613,2026-07-07 16:12:08,26.3,60.0
614,2026-07-07 16:12:13,26.3,60.0
615,2026-07-07 16:12:18,26.4,60.0
616,2026-07-07 16:12:23,26.3,60.0
617,2026-07-07 16:12:28,26.3,60.0
618,2026-07-07 16:12:33,26.3,60.0
619,2026-07-07 16:12:38,26.3,60.0
620,2026-07-07 16:12:43,26.3,60.0
621,2026-07-07 16:12:48,26.3,60.0
622,2026-07-07 16:12:53,26.3,60.0
623,2026-07-07 16:12:58,26.3,60.0
624,2026-07-07 16:13:03,26.3,60.0
625,2026-07-07 16:13:08,26.3,60.0
626,2026-07-07 16:13:13,26.3,60.0
627,2026-07-07 16:13:18,26.3,60.0
628,2026-07-07 16:13:23,26.3,60.0
629,2026-07-07 16:13:28,26.3,60.0
630,2026-07-07 16:13:33,26.3,60.0
631,2026-07-07 16:13:38,26.3,60.0
632,2026-07-07 16:13:43,26.3,60.0
633,2026-07-07 16:13:48,26.3,60.0
634,2026-07-07 16:13:53,26.3,60.0
635,2026-07-07 16:13:59,26.3,60.0
636,2026-07-07 16:14:04,26.3,60.0
637,2026-07-07 16:14:09,26.3,60.0
638,2026-07-07 16:14:14,26.4,60.0
639,2026-07-07 16:14:19,26.3,60.0
640,2026-07-07 16:14:24,26.3,60.0
641,2026-07-07 16:14:29,26.3,60.0
642,2026-07-07 16:14:34,26.3,60.0
643,2026-07-07 16:14:39,26.3,60.0
644,2026-07-07 16:14:44,26.3,60.0
645,2026-07-07 16:14:49,26.3,60.0
646,2026-07-07 16:14:54,26.3,60.0
647,2026-07-07 16:14:59,26.3,60.0
648,2026-07-07 16:15:04,26.3,60.0
649,2026-07-07 16:15:09,26.3,60.0
650,2026-07-07 16:15:14,26.3,60.0
651,2026-07-07 16:15:19,26.3,60.0
652,2026-07-07 16:15:24,26.3,60.0
653,2026-07-07 16:15:29,26.3,60.0
654,2026-07-07 16:15:34,26.3,60.0
655,2026-07-07 16:15:39,26.4,60.0
656,2026-07-07 16:15:44,26.3,60.0
657,2026-07-07 16:15:49,26.3,60.0
658,2026-07-07 16:15:54,26.3,60.0
659,2026-07-07 16:15:59,26.3,60.0
660,2026-07-07 16:16:04,26.3,60.0
661,2026-07-07 16:16:09,26.3,60.0
662,2026-07-07 16:16:14,26.3,60.0
663,2026-07-07 16:16:19,26.3,60.0
664,2026-07-07 16:16:24,26.3,60.0
665,2026-07-07 16:16:29,26.3,60.0
666,2026-07-07 16:16:34,26.3,60.0
667,2026-07-07 16:16:39,26.3,60.0
668,2026-07-07 16:16:44,26.3,60.0
669,2026-07-07 16:16:49,26.3,60.0
670,2026-07-07 16:16:54,26.3,60.0
671,2026-07-07 16:16:59,26.3,60.0
672,2026-07-07 16:17:04,26.3,60.0
673,2026-07-07 16:17:09,26.3,60.0
674,2026-07-07 16:17:14,26.3,60.0
675,2026-07-07 16:17:20,26.3,60.0
676,2026-07-07 16:17:25,26.3,60.0
677,2026-07-07 16:17:30,26.3,60.0
678,2026-07-07 16:17:35,26.3,60.0
679,2026-07-07 16:17:40,26.3,60.0
680,2026-07-07 16:17:45,26.3,60.0
681,2026-07-07 16:17:50,26.3,60.0
682,2026-07-07 16:17:55,26.3,60.0
683,2026-07-07 16:18:00,26.3,60.0
684,2026-07-07 16:18:05,26.3,60.0
685,2026-07-07 16:18:10,26.3,60.0
686,2026-07-07 16:18:15,26.3,60.0
687,2026-07-07 16:18:20,26.3,60.0
688,2026-07-07 16:18:25,26.3,60.0
689,2026-07-07 16:18:30,26.3,60.0
690,2026-07-07 16:18:35,26.3,60.0
691,2026-07-07 16:18:40,26.3,60.0
692,2026-07-07 16:18:45,26.3,60.0
693,2026-07-07 16:18:50,26.3,60.0
694,2026-07-07 16:18:55,26.3,60.0
695,2026-07-07 16:19:00,26.3,60.0
696,2026-07-07 16:19:05,26.3,60.0
697,2026-07-07 16:19:10,26.3,60.0
698,2026-07-07 16:19:15,26.3,60.0
699,2026-07-07 16:19:20,26.3,60.0
700,2026-07-07 16:19:25,26.3,60.0
701,2026-07-07 16:19:30,26.3,60.0
702,2026-07-07 16:19:35,26.3,60.0
703,2026-07-07 16:19:40,26.3,60.0
704,2026-07-07 16:19:45,26.3,60.0
705,2026-07-07 16:19:50,26.3,60.0
706,2026-07-07 16:19:55,26.3,60.0
707,2026-07-07 16:20:00,26.3,60.0
708,2026-07-07 16:20:05,26.3,60.0
709,2026-07-07 16:20:10,26.3,60.0
710,2026-07-07 16:20:15,26.3,60.0
711,2026-07-07 16:20:20,26.3,60.0
712,2026-07-07 16:20:25,26.3,60.0
713,2026-07-07 16:20:30,26.3,60.0
714,2026-07-07 16:20:35,26.3,60.0
715,2026-07-07 16:20:41,26.3,60.0
716,2026-07-07 16:20:46,26.3,60.0
717,2026-07-07 16:20:51,26.3,60.0
718,2026-07-07 16:20:56,26.3,60.0
719,2026-07-07 16:21:01,26.3,60.0
720,2026-07-07 16:21:06,26.3,60.0
721,2026-07-07 16:21:11,26.3,60.0
722,2026-07-07 16:21:16,26.3,60.0
723,2026-07-07 16:21:21,26.3,60.0
724,2026-07-07 16:21:26,26.3,60.0
725,2026-07-07 16:21:31,26.3,60.0
726,2026-07-07 16:21:36,26.3,60.0
727,2026-07-07 16:21:41,26.3,60.0
728,2026-07-07 16:21:46,26.3,60.0
729,2026-07-07 16:21:51,26.3,60.0
730,2026-07-07 16:21:56,26.3,60.0
731,2026-07-07 16:22:01,26.3,60.0
732,2026-07-07 16:22:06,26.3,60.0
733,2026-07-07 16:22:11,26.3,60.0
734,2026-07-07 16:22:16,26.3,60.0
735,2026-07-07 16:22:21,26.3,60.0
736,2026-07-07 16:22:26,26.3,60.0
737,2026-07-07 16:22:31,26.3,60.0
738,2026-07-07 16:22:36,26.3,60.0
739,2026-07-07 16:22:41,26.3,60.0
740,2026-07-07 16:22:46,26.3,60.0
741,2026-07-07 16:22:51,26.3,60.0
742,2026-07-07 16:22:56,26.3,60.0
743,2026-07-07 16:23:01,26.3,60.0
744,2026-07-07 16:23:06,26.3,59.0
745,2026-07-07 16:23:11,26.3,59.0
746,2026-07-07 16:23:16,26.3,59.0
747,2026-07-07 16:23:21,26.3,60.0
748,2026-07-07 16:23:26,26.3,60.0
749,2026-07-07 16:23:31,26.3,60.0
750,2026-07-07 16:23:36,26.3,60.0
751,2026-07-07 16:23:41,26.3,60.0
752,2026-07-07 16:23:46,26.3,60.0
753,2026-07-07 16:23:51,26.3,60.0
754,2026-07-07 16:23:56,26.3,60.0
755,2026-07-07 16:24:02,26.3,60.0
756,2026-07-07 16:24:07,26.3,60.0
757,2026-07-07 16:24:12,26.3,60.0
758,2026-07-07 16:24:17,26.3,60.0
759,2026-07-07 16:24:22,26.3,60.0
760,2026-07-07 16:24:27,26.3,60.0
761,2026-07-07 16:24:32,26.3,60.0
762,2026-07-07 16:24:37,26.3,60.0
763,2026-07-07 16:24:42,26.3,60.0
764,2026-07-07 16:24:47,26.3,60.0
765,2026-07-07 16:24:52,26.3,60.0
766,2026-07-07 16:24:57,26.3,60.0
767,2026-07-07 16:25:02,26.3,60.0
768,2026-07-07 16:25:07,26.3,60.0
769,2026-07-07 16:25:12,26.3,60.0
770,2026-07-07 16:25:17,26.3,60.0
771,2026-07-07 16:25:22,26.3,60.0
772,2026-07-07 16:25:27,26.3,60.0
773,2026-07-07 16:25:32,26.3,60.0
774,2026-07-07 16:25:37,26.3,60.0
775,2026-07-07 16:25:42,26.3,60.0
776,2026-07-07 16:25:47,26.3,60.0
777,2026-07-07 16:25:52,26.3,60.0
778,2026-07-07 16:25:57,26.3,60.0
779,2026-07-07 16:26:02,26.3,60.0
780,2026-07-07 16:26:07,26.3,60.0
781,2026-07-07 16:26:12,26.3,60.0
782,2026-07-07 16:26:17,26.3,60.0
783,2026-07-07 16:26:22,26.3,60.0
784,2026-07-07 16:26:27,26.3,60.0
785,2026-07-07 16:26:32,26.3,60.0
786,2026-07-07 16:26:37,26.3,60.0
787,2026-07-07 16:26:42,26.3,60.0
788,2026-07-07 16:26:47,26.3,60.0
789,2026-07-07 16:26:52,26.3,60.0
790,2026-07-07 16:26:57,26.3,60.0
791,2026-07-07 16:27:02,26.3,60.0
792,2026-07-07 16:27:07,26.3,60.0
793,2026-07-07 16:27:12,26.3,60.0
794,2026-07-07 16:27:17,26.3,60.0
795,2026-07-07 16:27:23,26.3,60.0
796,2026-07-07 16:27:28,26.3,60.0
797,2026-07-07 16:27:33,26.3,60.0
798,2026-07-07 16:27:38,26.3,60.0
799,2026-07-07 16:27:43,26.3,60.0
800,2026-07-07 16:27:48,26.3,60.0
801,2026-07-07 16:27:53,26.3,60.0
802,2026-07-07 16:27:58,26.3,60.0
803,2026-07-07 16:28:03,26.3,60.0
804,2026-07-07 16:28:08,26.3,60.0
805,2026-07-07 16:28:13,26.3,60.0
806,2026-07-07 16:28:18,26.3,60.0
807,2026-07-07 16:28:23,26.3,60.0
808,2026-07-07 16:28:28,26.3,60.0
809,2026-07-07 16:28:33,26.3,60.0
810,2026-07-07 16:28:38,26.3,60.0
811,2026-07-07 16:28:43,26.3,60.0
812,2026-07-07 16:28:48,26.3,60.0
813,2026-07-07 16:28:53,26.3,60.0
814,2026-07-07 16:28:58,26.3,60.0
815,2026-07-07 16:29:03,26.3,60.0
816,2026-07-07 16:29:08,26.3,60.0
817,2026-07-07 16:29:13,26.3,60.0
818,2026-07-07 16:29:18,26.3,60.0
819,2026-07-07 16:29:23,26.3,60.0
820,2026-07-07 16:29:28,26.3,60.0
821,2026-07-07 16:29:33,26.3,60.0
822,2026-07-07 16:29:38,26.3,60.0
823,2026-07-07 16:29:43,26.3,60.0
824,2026-07-07 16:29:48,26.3,60.0
825,2026-07-07 16:29:53,26.3,60.0
826,2026-07-07 16:29:58,26.3,60.0
827,2026-07-07 16:30:03,26.3,60.0
828,2026-07-07 16:30:08,26.3,60.0
829,2026-07-07 16:30:13,26.3,60.0
830,2026-07-07 16:30:18,26.3,60.0
831,2026-07-07 16:30:23,26.3,60.0
832,2026-07-07 16:30:28,26.3,60.0
833,2026-07-07 16:30:33,26.3,60.0
834,2026-07-07 16:30:38,26.3,60.0
835,2026-07-07 16:30:44,26.3,60.0
836,2026-07-07 16:30:49,26.3,60.0
837,2026-07-07 16:30:54,26.3,60.0
838,2026-07-07 16:30:59,26.3,60.0
839,2026-07-07 16:31:04,26.3,60.0
840,2026-07-07 16:31:09,26.3,60.0
841,2026-07-07 16:31:14,26.3,60.0
842,2026-07-07 17:12:36,26.2,60.0
843,2026-07-07 17:12:41,26.1,60.0
844,2026-07-07 17:12:46,26.1,60.0
845,2026-07-07 17:12:51,26.1,61.0
846,2026-07-07 17:12:56,26.1,60.0
847,2026-07-07 17:13:01,26.1,60.0
848,2026-07-07 17:13:06,26.1,60.0
849,2026-07-07 17:13:11,26.1,60.0
850,2026-07-07 17:13:16,26.1,60.0
851,2026-07-07 17:13:21,26.1,60.0
852,2026-07-07 18:38:02,26.1,60.0
853,2026-07-07 18:38:07,26.1,60.0
854,2026-07-07 18:38:12,26.1,60.0
855,2026-07-07 18:38:17,26.1,60.0
856,2026-07-07 18:38:22,26.1,60.0
857,2026-07-07 18:38:27,26.1,60.0
858,2026-07-07 18:38:32,26.1,60.0
859,2026-07-07 18:38:37,26.1,60.0
860,2026-07-07 18:38:42,26.1,60.0
861,2026-07-07 18:38:47,26.1,60.0
862,2026-07-07 18:38:52,26.1,60.0
863,2026-07-07 18:38:57,26.1,60.0
864,2026-07-07 18:39:02,26.1,60.0
865,2026-07-07 18:39:07,26.1,60.0
866,2026-07-07 18:39:12,26.1,60.0
867,2026-07-07 18:39:17,26.1,60.0
868,2026-07-07 18:39:22,26.1,60.0
869,2026-07-07 18:39:27,26.1,60.0
870,2026-07-07 18:39:32,26.1,60.0
871,2026-07-07 18:39:37,26.1,60.0
872,2026-07-07 18:39:42,26.1,60.0
873,2026-07-07 18:39:47,26.1,60.0
874,2026-07-07 18:39:52,26.1,60.0
875,2026-07-07 18:39:57,26.1,60.0
876,2026-07-07 18:40:02,26.1,60.0
877,2026-07-07 18:40:07,26.1,60.0
878,2026-07-07 18:40:12,26.1,60.0
879,2026-07-07 19:10:01,26.1,60.0
880,2026-07-07 19:10:06,26.1,60.0
881,2026-07-07 19:10:11,26.1,60.0
882,2026-07-07 19:10:16,26.1,60.0
883,2026-07-07 19:10:21,26.1,60.0
884,2026-07-07 19:10:26,26.1,60.0
885,2026-07-07 19:10:31,26.1,60.0
886,2026-07-07 19:10:36,26.1,60.0
887,2026-07-07 19:10:41,26.1,60.0
888,2026-07-07 19:10:46,26.0,60.0
889,2026-07-07 19:10:51,26.1,60.0
890,2026-07-07 19:10:56,26.1,60.0
891,2026-07-07 19:11:01,26.1,60.0
892,2026-07-07 20:56:43,25.9,59.0
893,2026-07-07 20:56:48,25.9,59.0
894,2026-07-07 20:56:53,25.9,59.0
895,2026-07-07 20:56:58,25.9,59.0
896,2026-07-07 20:57:03,25.9,59.0
897,2026-07-07 20:57:08,25.9,59.0
898,2026-07-07 20:57:13,25.9,59.0
899,2026-07-07 20:57:18,25.9,59.0
900,2026-07-07 20:57:23,25.9,59.0
901,2026-07-07 20:57:28,25.9,59.0
902,2026-07-07 20:57:33,25.9,59.0
903,2026-07-07 20:57:38,25.9,59.0
904,2026-07-07 20:57:43,25.9,59.0
905,2026-07-07 20:57:49,25.9,59.0
906,2026-07-07 20:57:54,25.9,59.0
907,2026-07-07 20:57:59,25.9,59.0
908,2026-07-07 20:58:04,25.9,59.0
909,2026-07-07 20:58:09,25.9,59.0
910,2026-07-07 20:58:14,25.9,59.0
911,2026-07-07 20:58:19,25.9,59.0
912,2026-07-07 20:58:24,25.9,59.0
913,2026-07-07 20:58:29,25.9,59.0
914,2026-07-07 20:58:34,25.9,59.0
915,2026-07-07 20:58:39,25.9,59.0
916,2026-07-07 20:58:44,25.9,59.0
917,2026-07-07 20:58:49,25.9,59.0
918,2026-07-07 20:58:54,25.9,59.0
919,2026-07-07 20:58:59,25.9,59.0
920,2026-07-07 20:59:04,25.9,59.0
921,2026-07-07 20:59:09,25.9,59.0
922,2026-07-07 20:59:14,25.9,59.0
923,2026-07-07 20:59:19,25.9,59.0
924,2026-07-07 20:59:24,25.9,59.0
925,2026-07-07 20:59:29,25.9,59.0
926,2026-07-07 20:59:34,25.9,59.0
927,2026-07-07 20:59:39,25.9,59.0
928,2026-07-07 20:59:44,25.9,59.0
929,2026-07-07 21:29:43,25.9,59.0
930,2026-07-07 21:29:48,25.9,59.0
931,2026-07-07 21:29:53,25.9,59.0
932,2026-07-07 21:29:58,25.8,59.0
933,2026-07-07 21:30:03,25.8,59.0
934,2026-07-07 21:30:08,25.8,59.0
935,2026-07-07 21:30:13,25.9,59.0
936,2026-07-07 21:30:18,25.8,59.0
937,2026-07-07 21:30:23,25.9,59.0
938,2026-07-07 21:30:28,25.8,59.0
939,2026-07-07 21:30:33,25.9,59.0
940,2026-07-07 21:30:38,25.8,59.0
941,2026-07-07 21:30:43,25.8,59.0
942,2026-07-07 21:30:48,25.9,59.0
943,2026-07-07 21:30:53,25.8,59.0
944,2026-07-07 21:30:58,25.9,59.0
945,2026-07-07 21:31:03,25.8,59.0
946,2026-07-07 21:31:08,25.9,59.0
947,2026-07-07 21:31:13,25.9,59.0
948,2026-07-07 21:31:18,25.9,59.0
949,2026-07-07 21:31:23,25.9,59.0
950,2026-07-07 21:31:28,25.9,59.0
951,2026-07-07 21:31:33,25.9,59.0
952,2026-07-07 21:31:38,25.9,59.0
953,2026-07-07 21:31:43,25.9,59.0
954,2026-07-07 21:31:48,25.9,59.0
955,2026-07-07 21:31:53,25.9,59.0
956,2026-07-07 21:31:58,25.9,59.0
957,2026-07-07 21:32:03,25.9,59.0
958,2026-07-07 21:32:08,25.9,59.0
959,2026-07-07 21:32:13,25.9,59.0
960,2026-07-07 21:32:18,25.9,59.0
961,2026-07-07 21:32:23,25.9,59.0
962,2026-07-07 21:32:29,25.9,59.0
963,2026-07-07 21:32:34,25.9,59.0
964,2026-07-07 21:32:39,25.9,59.0
965,2026-07-07 22:02:44,25.9,59.0
966,2026-07-07 22:02:49,25.9,59.0
967,2026-07-07 22:02:54,25.9,59.0
968,2026-07-07 22:02:58,25.9,59.0
969,2026-07-07 22:03:03,25.9,59.0
970,2026-07-07 22:03:08,25.9,59.0
971,2026-07-07 22:03:13,25.9,59.0
972,2026-07-07 22:03:18,25.8,59.0
973,2026-07-07 22:03:23,25.9,59.0
974,2026-07-07 22:21:19,26.0,60.0
975,2026-07-07 22:21:24,26.0,60.0
976,2026-07-07 22:21:29,25.9,59.0
977,2026-07-07 22:21:34,26.0,60.0
978,2026-07-07 22:21:39,25.9,59.0
979,2026-07-07 22:21:44,26.0,60.0
980,2026-07-07 22:21:49,25.9,59.0
981,2026-07-07 22:21:54,26.0,60.0
982,2026-07-07 22:21:59,25.9,59.0
983,2026-07-07 22:22:04,26.0,60.0
984,2026-07-07 22:22:09,25.9,59.0
985,2026-07-07 22:22:14,26.0,60.0
986,2026-07-07 22:22:19,25.9,59.0
987,2026-07-07 22:22:24,25.9,59.0
988,2026-07-07 22:22:29,25.9,59.0
989,2026-07-07 22:22:34,26.0,60.0
990,2026-07-07 22:22:40,25.9,59.0
991,2026-07-07 22:22:45,25.9,59.0
992,2026-07-07 22:22:50,25.9,59.0
993,2026-07-07 22:22:55,25.9,59.0
994,2026-07-07 22:23:00,25.9,59.0
995,2026-07-07 22:23:05,25.9,59.0
996,2026-07-07 22:23:10,25.9,59.0
997,2026-07-07 22:23:15,25.9,59.0
998,2026-07-07 22:23:20,26.0,59.0
999,2026-07-07 22:23:25,25.9,58.0
1000,2026-07-07 22:23:30,26.0,60.0
1001,2026-07-07 22:23:35,25.9,59.0
1002,2026-07-07 22:23:40,26.0,60.0
1003,2026-07-07 22:23:45,25.9,59.0
1004,2026-07-07 22:23:50,26.0,60.0
1005,2026-07-07 22:23:55,25.9,59.0
1006,2026-07-07 22:24:00,26.0,59.0
1007,2026-07-07 22:24:05,25.9,58.0
1008,2026-07-07 22:24:10,26.0,59.0
1009,2026-07-07 22:24:15,25.9,58.0
1010,2026-07-07 22:24:20,25.9,59.0
1011,2026-07-07 22:24:25,25.9,58.0
1012,2026-07-07 22:24:30,25.9,58.0
1013,2026-07-07 22:24:35,25.9,58.0
1014,2026-07-07 22:24:40,25.9,59.0
1015,2026-07-07 22:42:40,26.0,59.0
1016,2026-07-07 22:42:46,25.9,58.0
1017,2026-07-07 22:42:51,26.0,59.0
1018,2026-07-07 22:42:56,26.0,59.0
1019,2026-07-07 22:43:01,25.9,58.0
1020,2026-07-07 22:43:06,26.0,59.0
1021,2026-07-07 22:43:11,25.9,58.0
1022,2026-07-07 22:43:16,26.0,59.0
1023,2026-07-07 22:43:21,26.0,59.0
1024,2026-07-07 22:43:26,26.0,59.0
1025,2026-07-07 22:58:40,25.9,58.0
1026,2026-07-07 22:58:45,25.9,58.0
1027,2026-07-07 22:58:50,26.0,59.0
1028,2026-07-07 22:58:55,25.9,58.0
1029,2026-07-07 22:59:00,26.0,59.0
1030,2026-07-07 22:59:05,25.9,58.0
1031,2026-07-07 22:59:10,25.9,58.0
1032,2026-07-07 22:59:15,25.9,58.0
1033,2026-07-07 22:59:20,25.9,58.0
1034,2026-07-07 22:59:25,25.9,58.0
1035,2026-07-07 23:32:10,25.9,58.0
1036,2026-07-07 23:32:15,25.9,58.0
1037,2026-07-07 23:32:20,25.9,58.0
1038,2026-07-07 23:32:25,25.9,58.0
1039,2026-07-07 23:32:30,25.9,58.0
1040,2026-07-07 23:32:35,25.9,58.0
1041,2026-07-07 23:32:40,25.9,58.0
1042,2026-07-07 23:32:45,25.9,58.0
1043,2026-07-07 23:32:50,25.9,58.0
1044,2026-07-08 00:35:29,25.9,58.0
1045,2026-07-08 00:35:34,25.8,58.0
1046,2026-07-08 00:35:39,25.8,58.0
1047,2026-07-08 00:35:44,25.8,58.0
1048,2026-07-08 00:35:49,25.8,58.0
1049,2026-07-08 00:35:54,25.8,58.0
1050,2026-07-08 00:35:59,25.8,58.0
1051,2026-07-08 00:36:04,25.8,58.0
1052,2026-07-08 00:36:09,25.8,58.0
1053,2026-07-08 00:36:14,25.8,58.0
1054,2026-07-08 01:12:15,25.8,58.0
1055,2026-07-08 01:12:20,25.8,58.0
1056,2026-07-08 01:12:25,25.8,58.0
1057,2026-07-08 01:12:30,25.8,58.0
1058,2026-07-08 01:12:35,25.8,58.0
1059,2026-07-08 01:12:40,25.8,58.0
1060,2026-07-08 01:12:45,25.8,58.0
1061,2026-07-08 01:12:50,25.8,58.0
1062,2026-07-08 01:12:55,25.8,58.0
1063,2026-07-08 01:13:00,25.8,58.0
1064,2026-07-08 01:13:05,25.8,58.0
1065,2026-07-08 01:13:10,25.8,58.0
1066,2026-07-08 01:13:15,25.8,58.0
1067,2026-07-08 01:13:20,25.8,58.0
1068,2026-07-08 01:13:25,25.8,58.0
1069,2026-07-08 01:13:30,25.8,58.0
1070,2026-07-08 01:13:35,25.8,58.0
1071,2026-07-08 01:13:40,25.8,58.0
1072,2026-07-08 01:13:45,25.8,58.0
1073,2026-07-08 01:13:50,25.8,58.0
1074,2026-07-08 01:13:55,25.8,58.0
1075,2026-07-08 01:14:00,25.8,58.0
1076,2026-07-08 01:14:05,25.8,58.0
1077,2026-07-08 01:14:10,25.8,58.0
1078,2026-07-08 01:14:15,25.8,58.0
1079,2026-07-08 01:14:21,25.8,58.0
1080,2026-07-08 01:14:26,25.8,58.0
1081,2026-07-08 01:14:31,25.8,58.0
1082,2026-07-08 01:14:36,25.8,58.0
1083,2026-07-08 01:14:41,25.8,58.0
1084,2026-07-08 01:14:46,25.8,58.0
1085,2026-07-08 01:14:51,25.8,58.0
1086,2026-07-08 01:14:56,25.8,58.0
1087,2026-07-08 01:15:01,25.8,58.0
1088,2026-07-08 01:15:06,25.8,58.0
1089,2026-07-08 03:15:08,25.6,59.0
1090,2026-07-08 03:15:12,25.7,59.0
1091,2026-07-08 03:15:17,25.7,59.0
1092,2026-07-08 03:15:22,25.7,59.0
1093,2026-07-08 03:15:27,25.7,59.0
1094,2026-07-08 03:15:32,25.6,59.0
1095,2026-07-08 03:15:37,25.7,59.0
1096,2026-07-08 03:15:42,25.7,59.0
1097,2026-07-08 03:15:47,25.7,59.0
1098,2026-07-08 03:15:52,25.7,59.0
1099,2026-07-08 05:15:53,25.5,60.0
1100,2026-07-08 05:15:58,25.6,60.0
1101,2026-07-08 05:16:03,25.6,60.0
1102,2026-07-08 05:16:08,25.6,60.0
1103,2026-07-08 05:16:13,25.5,60.0
1104,2026-07-08 05:16:18,25.6,60.0
1105,2026-07-08 05:16:23,25.6,60.0
1106,2026-07-08 05:16:28,25.6,60.0
1107,2026-07-08 05:16:33,25.6,60.0
1108,2026-07-08 05:16:38,25.6,60.0
1109,2026-07-08 06:05:38,25.5,60.0
1110,2026-07-08 06:05:43,25.5,60.0
1111,2026-07-08 06:05:48,25.5,60.0
1112,2026-07-08 06:05:53,25.5,60.0
1113,2026-07-08 06:05:58,25.5,60.0
1114,2026-07-08 06:06:03,25.5,60.0
1115,2026-07-08 06:06:08,25.5,60.0
1116,2026-07-08 06:06:13,25.5,60.0
1117,2026-07-08 06:06:18,25.5,60.0
1118,2026-07-08 06:06:23,25.5,60.0
1119,2026-07-08 06:06:28,25.5,60.0
1120,2026-07-08 06:06:33,25.5,60.0
1121,2026-07-08 06:06:38,25.5,60.0
1122,2026-07-08 06:06:43,25.5,60.0
1123,2026-07-08 06:06:48,25.5,60.0
1124,2026-07-08 06:06:53,25.5,60.0
1125,2026-07-08 06:06:58,25.5,60.0
1126,2026-07-08 06:07:03,25.5,60.0
1127,2026-07-08 06:39:43,25.5,60.0
1128,2026-07-08 06:39:48,25.5,60.0
1129,2026-07-08 06:39:53,25.5,60.0
1130,2026-07-08 06:39:58,25.5,60.0
1131,2026-07-08 06:40:03,25.5,60.0
1132,2026-07-08 06:40:08,25.5,60.0
1133,2026-07-08 06:40:13,25.5,60.0
1134,2026-07-08 06:40:18,25.5,60.0
1135,2026-07-08 06:40:23,25.5,60.0
1136,2026-07-08 06:40:28,25.5,60.0
1137,2026-07-08 07:08:07,25.6,61.0
1138,2026-07-08 07:08:12,25.6,61.0
1139,2026-07-08 07:08:17,25.6,61.0
1140,2026-07-08 07:08:22,25.6,61.0
1141,2026-07-08 07:08:27,25.6,61.0
1142,2026-07-08 07:08:32,25.6,61.0
1143,2026-07-08 07:08:37,25.6,61.0
1144,2026-07-08 07:08:42,25.6,61.0
1145,2026-07-08 07:08:47,25.6,61.0
1146,2026-07-08 07:08:52,25.6,61.0
1147,2026-07-08 07:08:57,25.6,61.0
1148,2026-07-08 07:09:02,25.6,61.0
1149,2026-07-08 07:09:07,25.6,61.0
1150,2026-07-08 07:09:12,25.6,61.0
1151,2026-07-08 07:09:17,25.6,61.0
1152,2026-07-08 07:09:22,25.6,61.0
1153,2026-07-08 07:09:27,25.6,61.0
1154,2026-07-08 07:09:32,25.6,61.0
1155,2026-07-08 07:09:37,25.6,61.0
1156,2026-07-08 07:09:42,25.6,61.0
1157,2026-07-08 07:09:47,25.6,61.0
1158,2026-07-08 08:16:37,25.5,62.0
1159,2026-07-08 08:16:41,25.5,62.0
1160,2026-07-08 08:16:46,25.5,62.0
1161,2026-07-08 08:16:52,25.5,62.0
1162,2026-07-08 08:16:57,25.5,62.0
1163,2026-07-08 08:17:02,25.5,62.0
1164,2026-07-08 08:17:07,25.5,62.0
1165,2026-07-08 08:17:12,25.5,62.0
1166,2026-07-08 08:17:17,25.5,62.0
1167,2026-07-08 08:17:22,25.5,62.0
1168,2026-07-08 08:17:27,25.4,62.0
1169,2026-07-08 08:17:32,25.5,62.0
1170,2026-07-08 08:17:37,25.5,62.0
1171,2026-07-08 08:17:42,25.5,62.0
1172,2026-07-08 08:17:47,25.5,62.0
1173,2026-07-08 08:47:52,25.4,62.0
1174,2026-07-08 08:47:57,25.4,62.0
1175,2026-07-08 08:48:02,25.4,62.0
1176,2026-07-08 08:48:07,25.4,62.0
1177,2026-07-08 08:48:12,25.4,62.0
1178,2026-07-08 08:48:17,25.4,62.0
1179,2026-07-08 08:48:22,25.4,62.0
1180,2026-07-08 08:48:27,25.4,62.0
1181,2026-07-08 08:48:32,25.4,62.0
1182,2026-07-08 08:48:37,25.4,62.0
1183,2026-07-08 09:06:12,25.4,62.0
1184,2026-07-08 09:06:17,25.4,62.0
1185,2026-07-08 09:06:22,25.4,62.0
1186,2026-07-08 09:06:27,25.4,62.0
1187,2026-07-08 09:06:32,25.4,62.0
1188,2026-07-08 09:06:37,25.4,62.0
1189,2026-07-08 09:06:42,25.5,62.0
1190,2026-07-08 09:06:47,25.4,62.0
1191,2026-07-08 09:06:52,25.4,62.0
1192,2026-07-08 09:06:57,25.4,62.0
1193,2026-07-08 09:07:02,25.4,62.0
1194,2026-07-08 09:07:07,25.4,62.0
1195,2026-07-08 09:07:12,25.4,62.0
1196,2026-07-08 09:07:18,25.4,62.0
1197,2026-07-08 09:07:23,25.4,62.0
1198,2026-07-08 09:07:28,25.4,62.0
1199,2026-07-08 09:07:33,25.4,62.0
1200,2026-07-08 09:07:38,25.5,62.0
1201,2026-07-08 09:07:43,25.4,62.0
1202,2026-07-08 09:07:48,25.4,62.0
1203,2026-07-08 09:07:53,25.5,62.0
1204,2026-07-08 09:07:58,25.4,62.0
1205,2026-07-08 09:08:03,25.4,62.0
1206,2026-07-08 09:08:08,25.4,62.0
1207,2026-07-08 09:08:13,25.5,62.0
1208,2026-07-08 09:08:18,25.4,62.0
1209,2026-07-08 09:08:23,25.4,62.0
1210,2026-07-08 09:08:28,25.4,62.0
1211,2026-07-08 09:08:33,25.4,62.0
1212,2026-07-08 09:08:38,25.4,62.0
1213,2026-07-08 09:08:43,25.4,62.0
1214,2026-07-08 09:08:48,25.4,62.0
1215,2026-07-08 09:08:53,25.4,62.0
1216,2026-07-08 09:08:58,25.4,62.0
1217,2026-07-08 09:09:03,25.4,62.0
1218,2026-07-08 09:09:08,25.5,62.0
1219,2026-07-08 09:09:13,25.4,62.0
1220,2026-07-08 09:09:18,25.4,62.0
1221,2026-07-08 09:09:23,25.4,62.0
1222,2026-07-08 09:09:28,25.4,62.0
1223,2026-07-08 09:09:33,25.4,62.0
1224,2026-07-08 09:09:38,25.4,62.0
1225,2026-07-08 09:09:43,25.4,62.0
1226,2026-07-08 09:09:48,25.5,62.0
1227,2026-07-08 09:09:53,25.4,62.0
1228,2026-07-08 09:09:58,25.4,62.0
1229,2026-07-08 09:10:03,25.5,62.0
1230,2026-07-08 09:10:08,25.4,62.0
1231,2026-07-08 09:10:13,25.4,62.0
1232,2026-07-08 09:10:18,25.4,62.0
1233,2026-07-08 09:10:23,25.4,62.0
1234,2026-07-08 09:10:28,25.4,62.0
1235,2026-07-08 09:27:14,25.4,61.0
1236,2026-07-08 09:27:19,25.4,62.0
1237,2026-07-08 09:27:24,25.5,62.0
1238,2026-07-08 09:27:29,25.4,62.0
1239,2026-07-08 09:27:34,25.4,62.0
1240,2026-07-08 09:27:39,25.5,62.0
1241,2026-07-08 09:27:44,25.4,62.0
1242,2026-07-08 09:27:49,25.4,62.0
1243,2026-07-08 09:27:54,25.5,62.0
1244,2026-07-08 09:27:59,25.5,62.0
1245,2026-07-08 09:43:23,25.5,61.0
1246,2026-07-08 09:43:28,25.4,61.0
1247,2026-07-08 09:43:34,25.4,61.0
1248,2026-07-08 09:43:39,25.4,61.0
1249,2026-07-08 09:43:44,25.4,61.0
1250,2026-07-08 09:43:49,25.4,61.0
1251,2026-07-08 09:43:54,25.4,61.0
1252,2026-07-08 09:43:59,25.4,61.0
1253,2026-07-08 09:44:04,25.4,61.0
1254,2026-07-08 09:44:09,25.4,61.0
1255,2026-07-08 09:53:16,25.4,62.0
1256,2026-07-08 09:53:21,25.4,61.0
1257,2026-07-08 09:53:26,25.4,62.0
1258,2026-07-08 09:53:32,25.4,62.0
1259,2026-07-08 09:53:37,25.4,62.0
1260,2026-07-08 09:53:42,25.4,62.0
1261,2026-07-08 09:53:47,25.4,62.0
1262,2026-07-08 09:53:52,25.4,62.0
1263,2026-07-08 09:53:57,25.4,62.0
1264,2026-07-08 09:54:02,25.5,62.0
1265,2026-07-08 09:54:07,25.4,61.0
1266,2026-07-08 09:54:12,25.4,61.0
1267,2026-07-08 09:54:17,25.5,61.0
1268,2026-07-08 09:54:22,25.4,61.0
1269,2026-07-08 09:54:27,25.5,61.0
1270,2026-07-08 10:24:31,25.6,61.0
1271,2026-07-08 10:24:36,25.6,61.0
1272,2026-07-08 10:24:41,25.6,62.0
1273,2026-07-08 10:24:46,25.6,61.0
1274,2026-07-08 10:24:51,25.6,62.0
1275,2026-07-08 10:24:56,25.6,62.0
1276,2026-07-08 10:25:01,25.6,61.0
1277,2026-07-08 10:25:06,25.6,62.0
1278,2026-07-08 10:25:11,25.6,61.0
1279,2026-07-08 10:25:16,25.6,61.0
1280,2026-07-08 10:41:16,25.7,61.0
1281,2026-07-08 10:41:21,25.8,61.0
1282,2026-07-08 10:41:26,25.8,61.0
1283,2026-07-08 10:41:31,25.7,61.0
1284,2026-07-08 10:41:36,25.8,61.0
1285,2026-07-08 10:41:41,25.8,61.0
1286,2026-07-08 10:41:46,25.8,61.0
1287,2026-07-08 10:41:51,25.8,61.0
1288,2026-07-08 10:41:56,25.8,61.0
1289,2026-07-08 10:58:41,25.8,61.0
1290,2026-07-08 10:58:46,25.8,61.0
1291,2026-07-08 10:58:51,25.8,61.0
1292,2026-07-08 10:58:56,25.8,61.0
1293,2026-07-08 10:59:01,25.8,61.0
1294,2026-07-08 10:59:06,25.8,61.0
1295,2026-07-08 10:59:11,25.8,61.0
1296,2026-07-08 10:59:16,25.8,61.0
1297,2026-07-08 10:59:21,25.8,61.0
1298,2026-07-08 10:59:26,25.8,61.0
1299,2026-07-08 11:29:45,26.0,62.0
1300,2026-07-08 11:29:50,26.0,62.0
1301,2026-07-08 11:29:55,26.0,62.0
1302,2026-07-08 11:30:00,26.0,62.0
1303,2026-07-08 11:30:05,26.0,62.0
1304,2026-07-08 11:30:11,26.0,62.0
1305,2026-07-08 11:30:16,26.0,62.0
1306,2026-07-08 11:30:21,26.0,62.0
1307,2026-07-08 11:30:26,26.0,62.0
1308,2026-07-08 11:30:31,26.0,62.0
1309,2026-07-08 11:30:36,26.0,62.0
1310,2026-07-08 11:30:41,26.0,62.0
1311,2026-07-08 11:30:46,26.0,62.0
1312,2026-07-08 11:30:51,26.0,62.0
1313,2026-07-08 11:30:56,26.0,62.0
1314,2026-07-08 11:31:01,26.0,62.0
1315,2026-07-08 11:31:06,26.0,62.0
1316,2026-07-08 11:31:11,26.0,62.0
1317,2026-07-08 11:31:16,26.0,62.0
1318,2026-07-08 11:31:21,26.0,62.0
1319,2026-07-08 11:31:26,26.0,62.0
1320,2026-07-08 11:31:31,26.0,62.0
1321,2026-07-08 11:31:36,26.0,62.0
1322,2026-07-08 12:25:22,26.3,61.0
1323,2026-07-08 12:25:27,26.3,61.0
